Albert,081297420003,60
Afghan,084998479332,24
Aldo,028967497822,71
Aldi,033457829384,33
Arrif,072888773245,4
Andy,074432217188,65
Alif,049900309869,81
Aujan,084493058697,17
Azahra,028495869607,15
Antonio,017352316452,20
Angel,098241211111,48
Angeline,020733997432,33
Andika,084493930022,67
Anthony,084395860285,34
Annabelle,012344121467,22
Alyssa,084759688875,6
Anya,027364658899,11
Anggie,088294855221,61
Amy,085290038475,55
Audi,087592839992,24
Ashley,099576943567,36
Bernard,081214249922,62
Bart,082293844423,69
Bryan,012348859023,29
Ben,048892341299,20
Bennedict,083329008394,10
Benjamin,094883332222,16
Beatrix,083324570599,53
Belle,083425556474,59
Bridgitta,085270993124,22
Charlie,081292487509,15
Clarence,083958863556,77
Charles,013398940485,62
Chris,064755902226,35
Chandra,099826635471,26
Cynthia,011588424673,27
Cathriene,092356721113,33
Chelsea,085211046674,28
Celine,018834256377,9
Calista,089942351667,16
Caroline,089935466666,42
Cenasta,022788999994,14
David,018292348888,78
Dave,089934257059,72
Danny,012283929924,86
Delma,082274665793,61
Delphine,085240039983,60
Debora,044789923644,22
Dora,045757255111,26
Deena,087612345678,58
Earl,081290302032,46
Eric,027226667485,25
Edward,018826789423,37
Edgar,021378467293,58
Evan,028947860090,36
Effendy,099307847775,14
Evelyn,099374859996,82
Eve,085208892113,77
Finley,081200268871,43
Ferdinand,082377748592,15
Fernando,074338859668,66
Freddy,063764783746,68
Friendy,081212345678,52
Fiona,065874839274,40
Felix,027747362534,8
Fidelia,085212235678,70
Felicia,037499957600,22
Fransisca,078299936641,43
Fio,098713458765,42
George,081201045060,62
Geraldo,056277489957,66
Garry,065387937266,24
Gustavo,082674859688,68
Georgia,012135675546,50
Geraldine,078862632234,82
Gabriella,087693847543,21
Gaby,078388847561,17
Gina,085244350699,71
Grace,083749530384,73
Harley,081240232322,27
Hafidz,081298765432,28
Harper,089488882939,88
Hannah,085230021422,32
Irwin,086865324825,56
Irvan,081290039442,34
Isyah,085270553237,30
Jack,081210112022,66
Jim,038895748377,64
Jonathan,051963026105,33
James,038496047589,25
John,083392758690,36
Julian,025579672933,47
Joshua,024543635354,58
Josheph,098723768345,34
Joe,065388429177,41
Jeremy,078399261111,39
Jerry,078966664235,20
Jule,098115336578,12
Jacklyn,085230225944,10
Josephine,026788367485,44
Jessabelle,097237308742,60
Jesslyn,067348720001,61
Janice,083800047284,62
Jessica,071282348555,63
Josse,037425445555,13
Joyceline,022874885622,65
Klay,081295669301,66
Kaliman,029937748100,22
Kaleb,029928730000,26
Kennedy,020900394444,28
Kristo,027444891556,48
Kelvin,029374820012,55
Kevin,057699068495,51
Kelly,081648235482,36
Karen,018365123553,72
Kayla,085297850285,79
Kristin,022294859333,24
Liam,081234445533,29
Leonard,085294303059,11
Leo,085218884922,60
Lee,028984449333,24
Leticia,092354751111,53
Lena,087456783332,52
Leah,081299334252,49
Mohammad,082399830192,49
Melvin,012578660025,25
Manzo,081284951819,17
Marley,085266758543,7
Maeve,081290358790,82
Maya,092400321442,67
Melissa,092201786777,23
Michelle,023348857442,44
Margareth,081290569807,73
Marcella,078846227384,26
Maria,078385991635,63
Nathan,085683740172,80
Nelson,028384775993,22
Nichola,017836724666,11
Nicholas,067658276423,25
Nich,077728345923,73
Nick,037849283911,79
Nadine,082244445555,20
Nikita,092364000234,56
Nadia,012382739586,59
Nathalia,047853993102,77
Nathania,091284759222,54
Oman,012353639709,15
Olga,039917281100,9
Oliver,011382297550,35
Olivia,084798325860,70
Olin,027364885521,25
Peter,084592849595,43
Pablo,098128583265,23
Putra,019274965876,73
Phil,024759340321,28
Phillip,019923458881,44
Patrick,024972750275,56
Phillipus,028406880000,43
Putri,097239917001,32
Pam,012589995350,42
Robert,094295860400,55
Rondo,098208569302,62
Rizky,092634932844,57
Richard,098201929485,27
Ryan,091137947589,45
Raffi,039947501920,34
Raffif,018395018923,31
Rachelle,018294659184,53
Ria,023152569708,23
Rebecca,048697770392,12
Stephen,092360053994,16
Samuel,048509937589,43
Stephanie,091259305536,45
Sandra,082366572435,25
Susi,039457682938,53
Selvia,012847869483,46
Sabrina,094678969330,15
Sari,029384950069,7
Stella,014784577742,36
Tommy,023948850093,39
Terry,098213124251,26
Timothy,093214241525,20
Theo,023497089564,21
Thalia,029384910000,19
Valentino,092385769384,16
Vincent,038449210990,44
Victor,039405519600,33
Virginia,078596789338,36
Vanessa,029384957701,37
Valensiana,082344259666,21
William,081285960004,26
Wilbert,083385960299,41
Willis,085396889999,49
Winnie,049586669273,50
Wendy,029375583749,11
Zaen,081218181232,13
Zevanya,082390099503,15
Zoey,067782930277,76
Zendaya,067783326446,31
Zelda,044433332222,57